tissue,A>C,A>G,A>T,C>A,C>G,C>T,G>A,G>C,G>T,T>A,T>C,T>G,Ts,Tv,TsTv
Adipose - Subcutaneous,1,2,2,0,0,3,4,0,6,0,6,0,15,9,1.67
Adipose - Visceral (Omentum),0,3,2,0,0,0,5,0,1,0,3,0,11,3,3.67
Adrenal Gland,1,3,0,0,0,0,4,0,0,0,6,0,13,1,13.0
Artery - Aorta,0,14,0,3,0,8,12,1,0,1,10,0,44,5,8.8
Artery - Coronary,0,0,0,0,0,0,0,0,0,0,1,0,1,0,
Artery - Tibial,0,4,1,1,0,6,9,0,0,0,5,0,24,2,12.0
CNS,0,1,0,0,0,0,0,0,0,0,2,0,3,0,
CNS,0,0,0,0,0,1,0,0,0,0,0,0,1,0,
CNS,0,0,0,0,0,0,2,0,0,0,0,0,2,0,
Breast,1,1,1,0,0,0,5,0,4,0,4,0,10,6,1.67
Cells - EBV-transformed lymphocytes,0,13,0,2,0,5,37,2,0,0,42,0,97,4,24.25
Cells - Transformed fibroblasts,2,40,0,1,0,9,76,6,0,1,56,3,181,13,13.92
Colon,0,3,0,0,0,0,3,0,0,0,3,0,9,0,
Colon,0,0,0,0,0,0,2,0,0,0,1,0,3,0,
Esophagus - Gastroesophageal Junction,0,0,0,0,0,1,1,0,0,0,0,0,2,0,
Esophagus - Mucosa,2,14,0,2,0,13,33,4,0,2,30,0,90,10,9.0
Esophagus - Muscularis,0,0,2,0,0,1,0,0,0,0,0,0,1,2,0.5
Heart - Atrial Appendage,0,0,0,0,0,0,2,0,0,0,1,0,3,0,
Kidney,0,3,0,0,0,2,1,0,0,0,3,0,9,0,
Liver,2,2,0,0,0,2,22,1,0,0,12,0,38,3,12.67
Lung,1,6,0,0,0,5,3,0,0,0,5,1,19,2,9.5
Minor Salivary Gland,1,1,0,0,0,1,2,0,0,0,1,0,5,1,5.0
Muscle - Skeletal,1,0,0,0,0,0,4,0,1,0,1,0,5,2,2.5
Nerve - Tibial,0,16,1,0,0,4,9,0,15,0,9,0,38,16,2.38
Ovary,0,9,0,0,0,6,4,0,0,0,9,0,28,0,
Pancreas,0,2,1,1,0,0,4,0,0,0,2,0,8,2,4.0
Pituitary,1,5,0,0,0,3,7,0,0,1,6,0,21,2,10.5
Prostate,0,1,0,0,0,1,5,0,0,0,13,0,20,0,
Skin,0,1,0,0,0,0,7,1,0,0,4,0,12,1,12.0
Skin,1,5,0,1,0,18,20,1,1,0,15,0,58,4,14.5
Small Intestine - Terminal Ileum,0,0,0,0,0,0,2,0,0,0,2,0,4,0,
Spleen,0,1,0,0,0,1,2,0,1,0,0,0,4,1,4.0
Stomach,0,0,0,0,0,0,1,0,0,0,1,0,2,0,
Testis,0,6,0,0,0,1,0,0,0,0,0,0,7,0,
Thyroid,3,7,1,0,0,4,18,1,0,1,16,2,45,8,5.62
Uterus,0,2,0,0,0,0,1,0,0,0,2,0,5,0,
Vagina,0,0,0,0,0,0,5,0,0,0,1,0,6,0,
Whole Blood,0,91,2,5,0,33,59,1,1,3,75,0,258,12,21.5
