tissue,interval,vaf_cat,A>C,A>G,A>T,C>A,C>G,C>T,G>A,G>C,G>T,T>A,T>C,T>G,A,C,G,T,nobs
Biliary,0,1,1.0,,,,,4.0,3.0,,,,1.0,,339,371,152,260,9.0
Biliary,1,1,,1.0,,,,1.0,8.0,,,,2.0,,884,661,463,565,12.0
Biliary,1,2,,,,,,,,,,,1.0,,884,661,463,565,1.0
Biliary,2,1,,1.0,,,,,6.0,,,,4.0,,797,844,296,638,11.0
Biliary,2,2,,,,,,,2.0,,,,2.0,,797,844,296,638,4.0
Biliary,3,1,,,,1.0,,2.0,2.0,,,,1.0,,719,777,410,668,6.0
Biliary,3,2,,,,,,,1.0,,,,,,719,777,410,668,1.0
Biliary,4,1,,,,,,,2.0,,,,2.0,,791,792,295,697,4.0
Biliary,4,2,,,,,,1.0,1.0,,,,,,791,792,295,697,2.0
Biliary,4,3,,,,,,,,,,,1.0,,791,792,295,697,1.0
Biliary,5,1,,,1.0,,,2.0,11.0,1.0,,,1.0,,779,850,292,653,16.0
Biliary,5,2,,1.0,,,,1.0,4.0,,,,1.0,,779,850,292,653,7.0
Biliary,5,3,,,,,,,,,,,1.0,,779,850,292,653,1.0
Biliary,6,1,,,,1.0,,1.0,4.0,,,,5.0,,815,886,261,613,11.0
Biliary,6,2,,,,,,,2.0,1.0,,,,,815,886,261,613,3.0
Biliary,6,3,,,,,,,,,,,1.0,,815,886,261,613,1.0
Bladder,0,1,,,,1.0,,1.0,1.0,,1.0,,2.0,,339,371,152,260,6.0
Bladder,0,2,,,,,,,1.0,,,,,,339,371,152,260,1.0
Bladder,0,3,,1.0,,,,1.0,1.0,,,,1.0,,339,371,152,260,4.0
Bladder,1,1,,,,,,,6.0,,,,1.0,,884,661,463,565,7.0
Bladder,1,2,1.0,,,,,,1.0,,,,4.0,,884,661,463,565,6.0
Bladder,1,3,,,,,,,,,,,3.0,,884,661,463,565,3.0
Bladder,2,1,,,,,,1.0,5.0,1.0,,,,,797,844,296,638,7.0
Bladder,2,2,,,,,,,2.0,,,,2.0,,797,844,296,638,4.0
Bladder,3,1,,,,2.0,,,3.0,1.0,,,5.0,,719,777,410,668,11.0
Bladder,3,2,,,,,,2.0,6.0,,,,1.0,,719,777,410,668,9.0
Bladder,3,3,,,,,,,1.0,,,,1.0,,719,777,410,668,2.0
Bladder,4,1,,,,,,1.0,4.0,,,,2.0,1.0,791,792,295,697,8.0
Bladder,4,2,,,,,,,,,,,2.0,,791,792,295,697,2.0
Bladder,4,3,,,,,,,,,,,3.0,,791,792,295,697,3.0
Bladder,5,1,1.0,,,,,1.0,7.0,,1.0,,3.0,,779,850,292,653,13.0
Bladder,5,2,,,,,,,2.0,,,,1.0,,779,850,292,653,3.0
Bladder,5,3,,,,,,,,,,,1.0,,779,850,292,653,1.0
Bladder,6,1,,1.0,,,,,2.0,1.0,,,3.0,,815,886,261,613,7.0
Bladder,6,2,,,,,,,,,,,1.0,,815,886,261,613,1.0
Bladder,6,3,,,,,,,,,,,1.0,,815,886,261,613,1.0
Bone/SoftTissue,0,1,,2.0,,,,8.0,5.0,,,,3.0,,339,371,152,260,18.0
Bone/SoftTissue,0,2,,,,,,,,,,,1.0,,339,371,152,260,1.0
Bone/SoftTissue,0,3,,2.0,,,,1.0,2.0,,,,1.0,,339,371,152,260,6.0
Bone/SoftTissue,1,1,,4.0,1.0,,,,13.0,2.0,,,4.0,,884,661,463,565,24.0
Bone/SoftTissue,1,2,,,,,,,1.0,,,,,,884,661,463,565,1.0
Bone/SoftTissue,1,3,,,,,,,1.0,,,,1.0,,884,661,463,565,2.0
Bone/SoftTissue,2,1,,2.0,,,,,8.0,1.0,,,3.0,,797,844,296,638,14.0
Bone/SoftTissue,2,2,,,,,,1.0,2.0,,,,3.0,,797,844,296,638,6.0
Bone/SoftTissue,2,3,,,,,,,1.0,,,,,,797,844,296,638,1.0
Bone/SoftTissue,3,1,,3.0,,,,2.0,7.0,,1.0,,3.0,,719,777,410,668,16.0
Bone/SoftTissue,3,2,,,,,,,3.0,,,,1.0,,719,777,410,668,4.0
Bone/SoftTissue,3,3,,,,,,,,,,,1.0,,719,777,410,668,1.0
Bone/SoftTissue,4,1,,1.0,,,,1.0,4.0,,,,7.0,,791,792,295,697,13.0
Bone/SoftTissue,4,2,,1.0,,,,,2.0,1.0,,,2.0,,791,792,295,697,6.0
Bone/SoftTissue,4,3,,,,,,,,,,,,1.0,791,792,295,697,1.0
Bone/SoftTissue,5,1,,,,,,3.0,9.0,,,,3.0,1.0,779,850,292,653,16.0
Bone/SoftTissue,5,2,,1.0,,,,,2.0,,,,1.0,,779,850,292,653,4.0
Bone/SoftTissue,5,3,,,,,,,,,,,1.0,,779,850,292,653,1.0
Bone/SoftTissue,6,1,,1.0,,,,2.0,10.0,,1.0,,3.0,,815,886,261,613,17.0
Bone/SoftTissue,6,2,,,,,,,2.0,,,,,,815,886,261,613,2.0
Bone/SoftTissue,6,3,,,,,,,,,,,1.0,,815,886,261,613,1.0
Breast,0,1,1.0,10.0,,,,12.0,5.0,1.0,1.0,,18.0,1.0,339,371,152,260,49.0
Breast,0,2,,5.0,,2.0,,6.0,6.0,,1.0,,11.0,,339,371,152,260,31.0
Breast,0,3,,2.0,,,,8.0,3.0,,,,5.0,1.0,339,371,152,260,19.0
Breast,1,1,2.0,7.0,3.0,1.0,1.0,2.0,59.0,2.0,1.0,,19.0,,884,661,463,565,97.0
Breast,1,2,1.0,1.0,,,,2.0,14.0,,,,10.0,,884,661,463,565,28.0
Breast,1,3,,2.0,,,,,2.0,,,,4.0,,884,661,463,565,8.0
Breast,2,1,1.0,4.0,,1.0,1.0,5.0,29.0,,,,30.0,1.0,797,844,296,638,72.0
Breast,2,2,,1.0,,,,1.0,17.0,,,,11.0,,797,844,296,638,30.0
Breast,2,3,,,,,,,2.0,,,,3.0,,797,844,296,638,5.0
Breast,3,1,2.0,3.0,,1.0,,10.0,30.0,3.0,,1.0,44.0,1.0,719,777,410,668,95.0
Breast,3,2,,,,,,,11.0,,,,7.0,1.0,719,777,410,668,19.0
Breast,3,3,,,,,,,3.0,1.0,,,3.0,,719,777,410,668,7.0
Breast,4,1,,1.0,2.0,,,3.0,21.0,1.0,,,11.0,,791,792,295,697,39.0
Breast,4,2,,1.0,1.0,1.0,,2.0,5.0,,,,10.0,,791,792,295,697,20.0
Breast,4,3,,1.0,,,,,1.0,,,,1.0,,791,792,295,697,3.0
Breast,5,1,,7.0,,2.0,,6.0,30.0,1.0,,1.0,14.0,,779,850,292,653,61.0
Breast,5,2,1.0,2.0,,1.0,,1.0,10.0,1.0,,,11.0,,779,850,292,653,27.0
Breast,5,3,,,,,,,5.0,,,,2.0,,779,850,292,653,7.0
Breast,6,1,,2.0,,3.0,,5.0,18.0,1.0,1.0,,20.0,,815,886,261,613,50.0
Breast,6,2,,,,1.0,,1.0,6.0,,,,6.0,1.0,815,886,261,613,15.0
Breast,6,3,,1.0,,,,1.0,2.0,,,,3.0,,815,886,261,613,7.0
CNS,0,1,1.0,4.0,,1.0,1.0,7.0,5.0,,,,9.0,1.0,339,371,152,260,29.0
CNS,0,2,,1.0,,,,2.0,,,,,1.0,,339,371,152,260,4.0
CNS,0,3,,,,,,,2.0,,,,1.0,,339,371,152,260,3.0
CNS,1,1,,3.0,2.0,,,,18.0,1.0,,1.0,6.0,2.0,884,661,463,565,33.0
CNS,1,2,,,,,,,5.0,,,,1.0,,884,661,463,565,6.0
CNS,1,3,,2.0,,,,,,,,,1.0,,884,661,463,565,3.0
CNS,2,1,2.0,3.0,1.0,2.0,,5.0,18.0,,,1.0,9.0,1.0,797,844,296,638,42.0
CNS,2,2,,1.0,,,,,3.0,,,,2.0,,797,844,296,638,6.0
CNS,2,3,,,,,,,,,,,2.0,,797,844,296,638,2.0
CNS,3,1,2.0,1.0,,,,1.0,12.0,,,,10.0,,719,777,410,668,26.0
CNS,3,2,,,,,,,1.0,1.0,,,3.0,,719,777,410,668,5.0
CNS,3,3,,,,,,,1.0,,,,,,719,777,410,668,1.0
CNS,4,1,1.0,1.0,,1.0,,2.0,13.0,,1.0,,9.0,,791,792,295,697,28.0
CNS,4,2,,,,,,,2.0,,,,2.0,,791,792,295,697,4.0
CNS,4,3,,,,,,,,,,,1.0,,791,792,295,697,1.0
CNS,5,1,2.0,,,,,1.0,12.0,,,,7.0,,779,850,292,653,22.0
CNS,5,2,,,,,,,3.0,,,,1.0,,779,850,292,653,4.0
CNS,5,3,1.0,1.0,,,,,1.0,,,,,,779,850,292,653,3.0
CNS,6,1,2.0,1.0,,1.0,,1.0,7.0,,,,18.0,,815,886,261,613,30.0
CNS,6,2,,1.0,,,,1.0,5.0,,,,2.0,,815,886,261,613,9.0
CNS,6,3,,,,,,1.0,,,,,,,815,886,261,613,1.0
Cervix,0,1,,,,,,1.0,2.0,,,,,,339,371,152,260,3.0
Cervix,0,3,,1.0,,,,1.0,,,,,,,339,371,152,260,2.0
Cervix,1,1,,,,,,,1.0,,,,,,884,661,463,565,1.0
Cervix,1,3,,,,,,,,,,,1.0,,884,661,463,565,1.0
Cervix,2,1,,,,,,1.0,2.0,,,,,,797,844,296,638,3.0
Cervix,2,2,,,,,,,2.0,,,,,,797,844,296,638,2.0
Cervix,3,1,,1.0,,,,2.0,1.0,,,,2.0,,719,777,410,668,6.0
Cervix,3,2,,,,,,,,,,,1.0,,719,777,410,668,1.0
Cervix,4,1,,,,,,,2.0,,,,,,791,792,295,697,2.0
Cervix,4,2,,,,,,,,,,,1.0,,791,792,295,697,1.0
Cervix,5,1,,,,,,1.0,3.0,,,1.0,1.0,,779,850,292,653,6.0
Cervix,5,2,,1.0,,,,1.0,2.0,,,,1.0,,779,850,292,653,5.0
Cervix,6,1,,,,1.0,1.0,,2.0,,,,1.0,,815,886,261,613,5.0
Colon/Rectum,0,1,1.0,2.0,1.0,2.0,,6.0,12.0,,1.0,1.0,1.0,,339,371,152,260,27.0
Colon/Rectum,0,2,,,,,,4.0,1.0,,,,1.0,,339,371,152,260,6.0
Colon/Rectum,0,3,,2.0,,,,4.0,1.0,,,,2.0,,339,371,152,260,9.0
Colon/Rectum,1,1,,1.0,,,,1.0,21.0,1.0,1.0,,6.0,,884,661,463,565,31.0
Colon/Rectum,1,2,,1.0,,,,,8.0,,,,1.0,,884,661,463,565,10.0
Colon/Rectum,1,3,,,,1.0,,,6.0,,,,,,884,661,463,565,7.0
Colon/Rectum,2,1,,,,,,5.0,7.0,,,,4.0,,797,844,296,638,16.0
Colon/Rectum,2,2,,,,,,,2.0,,,,3.0,,797,844,296,638,5.0
Colon/Rectum,2,3,,,,,,1.0,6.0,,,,1.0,,797,844,296,638,8.0
Colon/Rectum,3,1,3.0,,1.0,,,3.0,7.0,1.0,,,1.0,,719,777,410,668,16.0
Colon/Rectum,3,2,,,,,,,1.0,,,,,,719,777,410,668,1.0
Colon/Rectum,3,3,,,,,,,3.0,1.0,,,,,719,777,410,668,4.0
Colon/Rectum,4,1,,1.0,,,,1.0,5.0,,,1.0,6.0,,791,792,295,697,14.0
Colon/Rectum,4,2,,,,,,,1.0,,,,1.0,,791,792,295,697,2.0
Colon/Rectum,4,3,,,,,,2.0,4.0,,,,,,791,792,295,697,6.0
Colon/Rectum,5,1,2.0,2.0,2.0,,,5.0,13.0,,,,2.0,,779,850,292,653,26.0
Colon/Rectum,5,2,,1.0,,,,2.0,2.0,,,,2.0,,779,850,292,653,7.0
Colon/Rectum,5,3,,,,,,,2.0,,,,2.0,,779,850,292,653,4.0
Colon/Rectum,6,1,,,,,1.0,2.0,7.0,,,,3.0,,815,886,261,613,13.0
Colon/Rectum,6,2,,,,,,,4.0,,,,,,815,886,261,613,4.0
Colon/Rectum,6,3,,1.0,,,,1.0,5.0,,,,1.0,,815,886,261,613,8.0
Esophagus,0,1,,11.0,,3.0,,20.0,6.0,,,,2.0,1.0,339,371,152,260,43.0
Esophagus,0,2,,,,,,5.0,2.0,,,,3.0,,339,371,152,260,10.0
Esophagus,0,3,,2.0,,,,3.0,1.0,,,,2.0,,339,371,152,260,8.0
Esophagus,1,1,,2.0,,3.0,1.0,4.0,32.0,3.0,1.0,,10.0,,884,661,463,565,56.0
Esophagus,1,2,,,,,,,7.0,,,,2.0,,884,661,463,565,9.0
Esophagus,1,3,,,,,,,4.0,1.0,,,,,884,661,463,565,5.0
Esophagus,2,1,,2.0,2.0,1.0,,3.0,25.0,,,,14.0,,797,844,296,638,47.0
Esophagus,2,2,,1.0,,,,1.0,3.0,,,,5.0,,797,844,296,638,10.0
Esophagus,2,3,,,,,,,2.0,,,,1.0,,797,844,296,638,3.0
Esophagus,3,1,,3.0,1.0,3.0,,3.0,21.0,,,,8.0,,719,777,410,668,39.0
Esophagus,3,2,,,,1.0,,1.0,1.0,,,,1.0,,719,777,410,668,4.0
Esophagus,3,3,,,,,,,,,,,1.0,,719,777,410,668,1.0
Esophagus,4,1,2.0,,1.0,,,3.0,9.0,1.0,,1.0,14.0,,791,792,295,697,31.0
Esophagus,4,2,,1.0,,,,,4.0,1.0,,,4.0,,791,792,295,697,10.0
Esophagus,4,3,,,,,,,3.0,,,,2.0,,791,792,295,697,5.0
Esophagus,5,1,1.0,1.0,3.0,2.0,,6.0,20.0,1.0,,,10.0,,779,850,292,653,44.0
Esophagus,5,2,,,,,,,7.0,,,,3.0,,779,850,292,653,10.0
Esophagus,5,3,,,,,,,1.0,,,,2.0,,779,850,292,653,3.0
Esophagus,6,1,2.0,2.0,1.0,3.0,,5.0,24.0,1.0,,,18.0,,815,886,261,613,56.0
Esophagus,6,2,1.0,2.0,,,,2.0,2.0,,,,,,815,886,261,613,7.0
Esophagus,6,3,,1.0,,,,,4.0,,,,3.0,,815,886,261,613,8.0
Head/Neck,0,1,,3.0,,,,,1.0,1.0,1.0,,3.0,,339,371,152,260,9.0
Head/Neck,0,2,,2.0,,,,3.0,3.0,,,,1.0,,339,371,152,260,9.0
Head/Neck,0,3,,,,,,3.0,,,1.0,,,,339,371,152,260,4.0
Head/Neck,1,1,,,1.0,,,,11.0,,,,3.0,,884,661,463,565,15.0
Head/Neck,1,2,,,,,,3.0,12.0,,,,1.0,,884,661,463,565,16.0
Head/Neck,1,3,,,,,,,,1.0,,,2.0,,884,661,463,565,3.0
Head/Neck,2,1,,1.0,,,,1.0,4.0,,,,2.0,,797,844,296,638,8.0
Head/Neck,2,2,,,,,,2.0,3.0,,,,5.0,,797,844,296,638,10.0
Head/Neck,2,3,,,,,,2.0,,,,,,,797,844,296,638,2.0
Head/Neck,3,1,,,,1.0,,2.0,9.0,,,,3.0,,719,777,410,668,15.0
Head/Neck,3,3,,,1.0,,,,,,,,1.0,,719,777,410,668,2.0
Head/Neck,4,1,1.0,,,,,2.0,5.0,,,,,,791,792,295,697,8.0
Head/Neck,4,2,,,,,,,2.0,,,,2.0,,791,792,295,697,4.0
Head/Neck,4,3,,,,,,,1.0,,,,1.0,,791,792,295,697,2.0
Head/Neck,5,1,,,,,,3.0,7.0,1.0,,,1.0,,779,850,292,653,12.0
Head/Neck,5,2,,,,,,,1.0,2.0,,,2.0,,779,850,292,653,5.0
Head/Neck,6,1,,,,,,5.0,6.0,1.0,,,4.0,,815,886,261,613,16.0
Head/Neck,6,2,,,,,,,2.0,,,,2.0,,815,886,261,613,4.0
Head/Neck,6,3,,1.0,,,,,,,,,1.0,,815,886,261,613,2.0
Kidney,0,1,,10.0,3.0,8.0,1.0,28.0,37.0,,3.0,3.0,24.0,1.0,339,371,152,260,118.0
Kidney,0,2,,2.0,,3.0,,3.0,6.0,,,,2.0,,339,371,152,260,16.0
Kidney,0,3,,,,,,1.0,2.0,,,,11.0,,339,371,152,260,14.0
Kidney,1,1,1.0,7.0,3.0,1.0,,6.0,57.0,2.0,1.0,,23.0,1.0,884,661,463,565,102.0
Kidney,1,2,,1.0,1.0,1.0,,1.0,9.0,1.0,,1.0,1.0,,884,661,463,565,16.0
Kidney,1,3,,3.0,,,,,1.0,,,,3.0,,884,661,463,565,7.0
Kidney,2,1,,6.0,1.0,3.0,,7.0,30.0,1.0,,1.0,19.0,1.0,797,844,296,638,69.0
Kidney,2,2,,,,,,3.0,7.0,,,,5.0,,797,844,296,638,15.0
Kidney,2,3,1.0,,,,,,4.0,1.0,,,1.0,,797,844,296,638,7.0
Kidney,3,1,1.0,5.0,,3.0,3.0,5.0,34.0,4.0,2.0,1.0,14.0,,719,777,410,668,72.0
Kidney,3,2,,4.0,,,,1.0,7.0,1.0,,,4.0,,719,777,410,668,17.0
Kidney,3,3,,,,,,,3.0,1.0,,,1.0,,719,777,410,668,5.0
Kidney,4,1,,4.0,2.0,3.0,,5.0,51.0,1.0,,,15.0,,791,792,295,697,81.0
Kidney,4,2,,2.0,1.0,,,2.0,2.0,,,,3.0,,791,792,295,697,10.0
Kidney,4,3,,2.0,,,,,4.0,,,,2.0,,791,792,295,697,8.0
Kidney,5,1,7.0,5.0,3.0,4.0,,9.0,57.0,2.0,1.0,,26.0,,779,850,292,653,114.0
Kidney,5,2,,,,,,2.0,9.0,,,,2.0,,779,850,292,653,13.0
Kidney,5,3,,,,,,,1.0,,,,3.0,,779,850,292,653,4.0
Kidney,6,1,3.0,3.0,2.0,6.0,,11.0,48.0,2.0,,,34.0,1.0,815,886,261,613,110.0
Kidney,6,2,2.0,2.0,,1.0,,,5.0,,,,7.0,,815,886,261,613,17.0
Kidney,6,3,,,,,,,2.0,,,,5.0,,815,886,261,613,7.0
Liver,0,1,4.0,9.0,1.0,8.0,,21.0,24.0,,1.0,1.0,23.0,1.0,339,371,152,260,93.0
Liver,0,2,,5.0,,3.0,,19.0,6.0,1.0,,,8.0,,339,371,152,260,42.0
Liver,0,3,,2.0,,1.0,,13.0,5.0,,,,15.0,,339,371,152,260,36.0
Liver,1,1,,6.0,3.0,1.0,,5.0,119.0,3.0,,1.0,36.0,1.0,884,661,463,565,175.0
Liver,1,2,,2.0,,,,2.0,24.0,2.0,,,5.0,,884,661,463,565,35.0
Liver,1,3,,1.0,,,,1.0,9.0,,,,3.0,,884,661,463,565,14.0
Liver,2,1,,6.0,1.0,3.0,,11.0,60.0,2.0,2.0,,39.0,,797,844,296,638,124.0
Liver,2,2,,5.0,,,,,17.0,1.0,,1.0,10.0,,797,844,296,638,34.0
Liver,2,3,,,,,,,4.0,,,,1.0,,797,844,296,638,5.0
Liver,3,1,2.0,6.0,2.0,2.0,,7.0,58.0,1.0,1.0,1.0,38.0,,719,777,410,668,118.0
Liver,3,2,,,,,,,16.0,,,,2.0,,719,777,410,668,18.0
Liver,3,3,,,,,,,5.0,,,,3.0,,719,777,410,668,8.0
Liver,4,1,2.0,3.0,,4.0,,6.0,71.0,2.0,,,32.0,,791,792,295,697,120.0
Liver,4,2,,2.0,,,,2.0,9.0,1.0,,,8.0,,791,792,295,697,22.0
Liver,4,3,,,,,,1.0,9.0,,,,3.0,,791,792,295,697,13.0
Liver,5,1,3.0,8.0,1.0,2.0,,8.0,81.0,2.0,,1.0,44.0,,779,850,292,653,150.0
Liver,5,2,,,,,,2.0,23.0,,,,7.0,,779,850,292,653,32.0
Liver,5,3,,2.0,,,,,6.0,,,1.0,4.0,,779,850,292,653,13.0
Liver,6,1,1.0,6.0,4.0,7.0,,9.0,86.0,2.0,1.0,,54.0,,815,886,261,613,170.0
Liver,6,2,,2.0,,,,,25.0,2.0,1.0,,13.0,,815,886,261,613,43.0
Liver,6,3,,,,,,,6.0,,,,2.0,,815,886,261,613,8.0
Lung,0,1,,,1.0,,,6.0,4.0,,,,1.0,,339,371,152,260,12.0
Lung,0,2,,3.0,,,,4.0,3.0,,,,1.0,,339,371,152,260,11.0
Lung,0,3,,1.0,,,,2.0,2.0,,,,3.0,,339,371,152,260,8.0
Lung,1,1,,1.0,,3.0,,1.0,19.0,1.0,,,2.0,,884,661,463,565,27.0
Lung,1,2,,,,,,,8.0,,1.0,,1.0,,884,661,463,565,10.0
Lung,1,3,,,,,,,5.0,,,,1.0,,884,661,463,565,6.0
Lung,2,1,,,,,,,12.0,,,,4.0,,797,844,296,638,16.0
Lung,2,2,,,,,1.0,1.0,5.0,,,,1.0,,797,844,296,638,8.0
Lung,2,3,,,,,,,3.0,,,,2.0,,797,844,296,638,5.0
Lung,3,1,,2.0,,,,4.0,13.0,,,,3.0,,719,777,410,668,22.0
Lung,3,2,,,,,,2.0,4.0,,,,2.0,,719,777,410,668,8.0
Lung,3,3,,,,,,,,,,,1.0,,719,777,410,668,1.0
Lung,4,1,,1.0,,,,6.0,17.0,1.0,,,7.0,,791,792,295,697,32.0
Lung,4,2,,,,,,1.0,8.0,,,,1.0,,791,792,295,697,10.0
Lung,4,3,,1.0,,,,,1.0,,,,,,791,792,295,697,2.0
Lung,5,1,1.0,,,,,3.0,19.0,1.0,,,10.0,,779,850,292,653,34.0
Lung,5,2,,,,1.0,,2.0,6.0,,,,4.0,,779,850,292,653,13.0
Lung,5,3,1.0,,,,,,1.0,,,,,,779,850,292,653,2.0
Lung,6,1,,,,,,2.0,17.0,,,,7.0,,815,886,261,613,26.0
Lung,6,2,,,,,,2.0,6.0,,,,3.0,,815,886,261,613,11.0
Lung,6,3,,,,,,,3.0,,,,1.0,,815,886,261,613,4.0
Lymphoid,0,1,,2.0,,,,7.0,2.0,,,,6.0,1.0,339,371,152,260,18.0
Lymphoid,0,2,,,,,,3.0,3.0,1.0,1.0,,1.0,,339,371,152,260,9.0
Lymphoid,0,3,,,,,,,1.0,1.0,,,1.0,,339,371,152,260,3.0
Lymphoid,1,1,,6.0,1.0,3.0,,3.0,33.0,1.0,,,12.0,,884,661,463,565,59.0
Lymphoid,1,2,,2.0,,,,,10.0,,,,2.0,,884,661,463,565,14.0
Lymphoid,1,3,,1.0,,,,,1.0,,,,2.0,,884,661,463,565,4.0
Lymphoid,2,1,,1.0,1.0,2.0,,5.0,11.0,,,,13.0,,797,844,296,638,33.0
Lymphoid,2,2,,,,,,1.0,7.0,,,,4.0,,797,844,296,638,12.0
Lymphoid,2,3,,,,,,1.0,1.0,,,,2.0,,797,844,296,638,4.0
Lymphoid,3,1,,2.0,,,,4.0,15.0,,1.0,,9.0,,719,777,410,668,31.0
Lymphoid,3,2,,1.0,,,,,4.0,1.0,,,3.0,,719,777,410,668,9.0
Lymphoid,3,3,,,,,,,1.0,,,,,,719,777,410,668,1.0
Lymphoid,4,1,1.0,2.0,1.0,2.0,,,8.0,,,,9.0,,791,792,295,697,23.0
Lymphoid,4,2,,1.0,,,,3.0,2.0,,,,2.0,,791,792,295,697,8.0
Lymphoid,5,1,,,1.0,2.0,,2.0,19.0,,1.0,,12.0,,779,850,292,653,37.0
Lymphoid,5,2,,,,,,3.0,3.0,1.0,,,3.0,,779,850,292,653,10.0
Lymphoid,5,3,,1.0,,1.0,,,,,,,1.0,,779,850,292,653,3.0
Lymphoid,6,1,,3.0,,1.0,,4.0,5.0,,,,12.0,,815,886,261,613,25.0
Lymphoid,6,2,,,,,,1.0,6.0,1.0,,,2.0,,815,886,261,613,10.0
Lymphoid,6,3,,,,,,,1.0,,,,2.0,,815,886,261,613,3.0
Myeloid,0,1,,2.0,,,,1.0,3.0,,,,1.0,,339,371,152,260,7.0
Myeloid,1,1,,1.0,,,,,10.0,,,,2.0,,884,661,463,565,13.0
Myeloid,1,2,,1.0,,,,,,,,,,,884,661,463,565,1.0
Myeloid,2,1,,4.0,,1.0,2.0,2.0,3.0,,,,2.0,,797,844,296,638,14.0
Myeloid,3,1,1.0,,,,,1.0,3.0,,,,5.0,,719,777,410,668,10.0
Myeloid,4,1,1.0,3.0,,,,1.0,,,,,3.0,,791,792,295,697,8.0
Myeloid,5,1,,1.0,,,,,4.0,1.0,,,2.0,,779,850,292,653,8.0
Myeloid,5,2,,1.0,,,,,2.0,1.0,,,,,779,850,292,653,4.0
Myeloid,6,1,,2.0,1.0,,,,4.0,,1.0,,2.0,,815,886,261,613,10.0
Myeloid,6,2,,,,,,,1.0,,,,2.0,,815,886,261,613,3.0
Ovary,0,1,,1.0,,,,6.0,2.0,,,,4.0,,339,371,152,260,13.0
Ovary,0,2,,,,,,3.0,3.0,,,,2.0,,339,371,152,260,8.0
Ovary,0,3,,4.0,,1.0,,3.0,,,,,4.0,,339,371,152,260,12.0
Ovary,1,1,,2.0,,,,3.0,23.0,4.0,,,12.0,,884,661,463,565,44.0
Ovary,1,2,,,,,,,12.0,1.0,,,2.0,,884,661,463,565,15.0
Ovary,1,3,,1.0,,,,,7.0,,,,2.0,,884,661,463,565,10.0
Ovary,2,1,,2.0,,1.0,,4.0,21.0,1.0,,,14.0,,797,844,296,638,43.0
Ovary,2,2,,1.0,,,,,11.0,,,,1.0,,797,844,296,638,13.0
Ovary,2,3,,,,,,,6.0,,,,5.0,,797,844,296,638,11.0
Ovary,3,1,1.0,5.0,,1.0,,1.0,15.0,2.0,,,7.0,,719,777,410,668,32.0
Ovary,3,2,,2.0,,,,1.0,4.0,,1.0,,4.0,,719,777,410,668,12.0
Ovary,3,3,,1.0,,,,,6.0,1.0,,,4.0,,719,777,410,668,12.0
Ovary,4,1,,1.0,,,,,13.0,,,,11.0,,791,792,295,697,25.0
Ovary,4,2,,1.0,1.0,,,,3.0,,,,6.0,,791,792,295,697,11.0
Ovary,4,3,,,,,,1.0,5.0,,,,4.0,,791,792,295,697,10.0
Ovary,5,1,1.0,1.0,1.0,,,,23.0,,,,13.0,,779,850,292,653,39.0
Ovary,5,2,,1.0,,,,3.0,7.0,1.0,,,9.0,,779,850,292,653,21.0
Ovary,5,3,,,,,,,5.0,,,,3.0,,779,850,292,653,8.0
Ovary,6,1,1.0,2.0,,,,4.0,20.0,,1.0,,18.0,,815,886,261,613,46.0
Ovary,6,2,,1.0,,,,,3.0,,,,7.0,,815,886,261,613,11.0
Ovary,6,3,,,,,,1.0,3.0,,,,2.0,,815,886,261,613,6.0
Pancreas,0,1,2.0,7.0,,2.0,,26.0,12.0,,3.0,,12.0,,339,371,152,260,64.0
Pancreas,0,2,,4.0,,3.0,1.0,4.0,3.0,,,,4.0,,339,371,152,260,19.0
Pancreas,0,3,,,,,,4.0,5.0,,,,4.0,,339,371,152,260,13.0
Pancreas,1,1,,8.0,1.0,2.0,1.0,3.0,72.0,2.0,,3.0,21.0,,884,661,463,565,113.0
Pancreas,1,2,1.0,2.0,,,,,18.0,1.0,,,8.0,,884,661,463,565,30.0
Pancreas,1,3,,1.0,,,,1.0,3.0,,,,1.0,,884,661,463,565,6.0
Pancreas,2,1,,4.0,1.0,,,8.0,55.0,3.0,,,26.0,1.0,797,844,296,638,98.0
Pancreas,2,2,,3.0,,,,1.0,19.0,,,1.0,6.0,,797,844,296,638,30.0
Pancreas,2,3,,1.0,,,,1.0,5.0,,,,,,797,844,296,638,7.0
Pancreas,3,1,,5.0,1.0,3.0,,4.0,38.0,1.0,1.0,,20.0,,719,777,410,668,73.0
Pancreas,3,2,,2.0,,,,2.0,14.0,,,,8.0,,719,777,410,668,26.0
Pancreas,3,3,,1.0,,,,,1.0,,,,4.0,,719,777,410,668,6.0
Pancreas,4,1,,8.0,1.0,1.0,,11.0,42.0,1.0,1.0,,24.0,1.0,791,792,295,697,90.0
Pancreas,4,2,1.0,,,,,2.0,12.0,1.0,,,6.0,,791,792,295,697,22.0
Pancreas,4,3,,,,,,,2.0,,,,,,791,792,295,697,2.0
Pancreas,5,1,,4.0,2.0,5.0,,8.0,51.0,2.0,,,31.0,,779,850,292,653,103.0
Pancreas,5,2,,2.0,,,,2.0,17.0,1.0,,,5.0,,779,850,292,653,27.0
Pancreas,5,3,,,,,,,5.0,1.0,,,1.0,,779,850,292,653,7.0
Pancreas,6,1,,10.0,,3.0,,9.0,41.0,1.0,1.0,,22.0,,815,886,261,613,87.0
Pancreas,6,2,,1.0,,1.0,1.0,4.0,11.0,,,,13.0,,815,886,261,613,31.0
Pancreas,6,3,1.0,,,,,,2.0,,,,4.0,,815,886,261,613,7.0
Prostate,0,1,,15.0,,2.0,,14.0,13.0,,1.0,,17.0,,339,371,152,260,62.0
Prostate,0,2,,1.0,,,,5.0,2.0,,,,6.0,,339,371,152,260,14.0
Prostate,0,3,,2.0,,,,,1.0,,,,1.0,,339,371,152,260,4.0
Prostate,1,1,1.0,6.0,,,,1.0,86.0,,,,31.0,,884,661,463,565,125.0
Prostate,1,2,,,,,,,20.0,,,,7.0,,884,661,463,565,27.0
Prostate,2,1,,2.0,,1.0,1.0,5.0,70.0,,,2.0,30.0,1.0,797,844,296,638,112.0
Prostate,2,2,,,,,,2.0,13.0,,,,3.0,,797,844,296,638,18.0
Prostate,2,3,,,,,,,1.0,,,,2.0,,797,844,296,638,3.0
Prostate,3,1,2.0,2.0,1.0,4.0,,,48.0,1.0,,1.0,19.0,,719,777,410,668,78.0
Prostate,3,2,,2.0,,,,1.0,10.0,,,,4.0,,719,777,410,668,17.0
Prostate,3,3,,,,,,,,,,,1.0,,719,777,410,668,1.0
Prostate,4,1,,2.0,1.0,,,,34.0,,,,30.0,,791,792,295,697,67.0
Prostate,4,2,,,,,,,6.0,,,,5.0,1.0,791,792,295,697,12.0
Prostate,4,3,,,,,,,1.0,,,,1.0,,791,792,295,697,2.0
Prostate,5,1,,3.0,,,,5.0,45.0,,,1.0,31.0,,779,850,292,653,85.0
Prostate,5,2,,,,1.0,,,8.0,,,,6.0,,779,850,292,653,15.0
Prostate,6,1,,3.0,,,,3.0,48.0,3.0,,,24.0,,815,886,261,613,81.0
Prostate,6,2,,,,,,1.0,5.0,,,,7.0,,815,886,261,613,13.0
Prostate,6,3,,,,,,,3.0,,,,,,815,886,261,613,3.0
Skin,0,1,1.0,,,,2.0,5.0,1.0,,,,,1.0,339,371,152,260,10.0
Skin,0,2,,1.0,,,,1.0,,,,,1.0,,339,371,152,260,3.0
Skin,0,3,,3.0,,,,6.0,1.0,,,,2.0,,339,371,152,260,12.0
Skin,1,1,,,,,,1.0,16.0,2.0,,,3.0,,884,661,463,565,22.0
Skin,1,2,,,,,,3.0,4.0,,,,2.0,,884,661,463,565,9.0
Skin,1,3,,,,1.0,,,8.0,,,,,,884,661,463,565,9.0
Skin,2,1,,1.0,,,,2.0,6.0,,,,5.0,,797,844,296,638,14.0
Skin,2,2,,,,,,1.0,3.0,,,,1.0,,797,844,296,638,5.0
Skin,2,3,,1.0,,,,,10.0,,,,1.0,,797,844,296,638,12.0
Skin,3,1,1.0,1.0,,,,2.0,6.0,,,,3.0,,719,777,410,668,13.0
Skin,3,2,,1.0,,,,2.0,7.0,,,,2.0,,719,777,410,668,12.0
Skin,3,3,,,,,,3.0,1.0,,,,,,719,777,410,668,4.0
Skin,4,1,,1.0,,1.0,,1.0,4.0,,,,4.0,,791,792,295,697,11.0
Skin,4,2,,,,,,2.0,2.0,,,,1.0,,791,792,295,697,5.0
Skin,4,3,,,,,,1.0,2.0,,,,1.0,,791,792,295,697,4.0
Skin,5,1,,2.0,,,,1.0,10.0,,,,7.0,,779,850,292,653,20.0
Skin,5,2,,1.0,,,,,2.0,,,,1.0,,779,850,292,653,4.0
Skin,5,3,1.0,1.0,,,,6.0,1.0,,,,2.0,,779,850,292,653,11.0
Skin,6,1,,1.0,,,,4.0,4.0,,,,7.0,,815,886,261,613,16.0
Skin,6,2,,1.0,,,,4.0,4.0,,,,1.0,,815,886,261,613,10.0
Skin,6,3,,3.0,,,,2.0,2.0,,,,4.0,,815,886,261,613,11.0
Stomach,0,1,,3.0,,2.0,1.0,5.0,2.0,1.0,,1.0,3.0,,339,371,152,260,18.0
Stomach,0,2,,1.0,,,,1.0,2.0,,1.0,,2.0,,339,371,152,260,7.0
Stomach,0,3,,,,,,1.0,,1.0,,,2.0,1.0,339,371,152,260,5.0
Stomach,1,1,,,1.0,1.0,,2.0,11.0,,,,2.0,,884,661,463,565,17.0
Stomach,1,2,1.0,1.0,,,,,5.0,,,,1.0,,884,661,463,565,8.0
Stomach,1,3,,,,,,,5.0,,,,,,884,661,463,565,5.0
Stomach,2,1,,2.0,,,,1.0,11.0,,,,5.0,,797,844,296,638,19.0
Stomach,2,2,,,,,,3.0,4.0,,,,1.0,,797,844,296,638,8.0
Stomach,2,3,,,,,,,1.0,,,,1.0,,797,844,296,638,2.0
Stomach,3,1,,2.0,,,,3.0,10.0,,1.0,,2.0,,719,777,410,668,18.0
Stomach,3,2,,,,,,1.0,6.0,,1.0,,2.0,,719,777,410,668,10.0
Stomach,3,3,,,,,,,,,,,2.0,,719,777,410,668,2.0
Stomach,4,1,1.0,,,,,2.0,5.0,,1.0,,5.0,,791,792,295,697,14.0
Stomach,4,2,,,,2.0,,1.0,2.0,,1.0,,3.0,,791,792,295,697,9.0
Stomach,4,3,,,,,,,1.0,,,,1.0,,791,792,295,697,2.0
Stomach,5,1,1.0,1.0,,,,1.0,15.0,,1.0,,4.0,,779,850,292,653,23.0
Stomach,5,2,,1.0,,,,,2.0,,,,3.0,,779,850,292,653,6.0
Stomach,5,3,,,,,,,2.0,,,,2.0,,779,850,292,653,4.0
Stomach,6,1,,,1.0,,,3.0,15.0,,,,4.0,,815,886,261,613,23.0
Stomach,6,2,,1.0,,1.0,,3.0,3.0,,,,1.0,,815,886,261,613,9.0
Stomach,6,3,,,,,,1.0,,,,,,,815,886,261,613,1.0
Thyroid,0,1,,2.0,,,,3.0,1.0,,1.0,,2.0,,339,371,152,260,9.0
Thyroid,0,2,,,1.0,,,2.0,1.0,,,,,,339,371,152,260,4.0
Thyroid,0,3,,,,,,,1.0,,,,1.0,,339,371,152,260,2.0
Thyroid,1,1,,4.0,,,,,9.0,,,,3.0,,884,661,463,565,16.0
Thyroid,1,2,,,,,,,3.0,,,,,,884,661,463,565,3.0
Thyroid,2,1,,,,1.0,,1.0,16.0,,,,9.0,,797,844,296,638,27.0
Thyroid,2,2,,1.0,,,,,1.0,,,,1.0,,797,844,296,638,3.0
Thyroid,2,3,,,,,,,4.0,,,,3.0,,797,844,296,638,7.0
Thyroid,3,1,1.0,2.0,,,,2.0,8.0,,1.0,,2.0,,719,777,410,668,16.0
Thyroid,3,2,,,,,,,,,,,1.0,,719,777,410,668,1.0
Thyroid,3,3,,,,,,,1.0,,,,1.0,,719,777,410,668,2.0
Thyroid,4,1,,1.0,,,1.0,,9.0,,,,6.0,,791,792,295,697,17.0
Thyroid,4,2,,,,,,,1.0,,,,1.0,,791,792,295,697,2.0
Thyroid,5,1,2.0,1.0,,,,,9.0,,,,14.0,,779,850,292,653,26.0
Thyroid,5,2,,,,,,,,,,,2.0,,779,850,292,653,2.0
Thyroid,5,3,,,,,,1.0,1.0,1.0,,,1.0,,779,850,292,653,4.0
Thyroid,6,1,2.0,,,,,,14.0,,,,5.0,,815,886,261,613,21.0
Thyroid,6,2,,,,,,,1.0,,,,2.0,,815,886,261,613,3.0
Thyroid,6,3,,,,,,,1.0,,,,2.0,,815,886,261,613,3.0
Uterus,0,1,,,,,,1.0,,,,,1.0,,339,371,152,260,2.0
Uterus,0,3,,1.0,,,,2.0,,,,,2.0,,339,371,152,260,5.0
Uterus,1,1,,,,,,,5.0,1.0,,,4.0,,884,661,463,565,10.0
Uterus,1,2,,,,,1.0,1.0,4.0,,,,,,884,661,463,565,6.0
Uterus,1,3,,,,,,,7.0,,,,3.0,,884,661,463,565,10.0
Uterus,2,1,,2.0,,2.0,,1.0,,,,,2.0,,797,844,296,638,7.0
Uterus,2,2,,,,,,1.0,5.0,,,,4.0,,797,844,296,638,10.0
Uterus,2,3,,,,,,,3.0,,,,3.0,,797,844,296,638,6.0
Uterus,3,1,,1.0,,,,,4.0,,,,6.0,,719,777,410,668,11.0
Uterus,3,2,,,,,,,1.0,,,,1.0,,719,777,410,668,2.0
Uterus,3,3,,,,,,,6.0,,,,2.0,,719,777,410,668,8.0
Uterus,4,1,,,,,,,8.0,,,,2.0,,791,792,295,697,10.0
Uterus,4,2,,1.0,,,,,,,,,1.0,,791,792,295,697,2.0
Uterus,4,3,,,,,,,3.0,,,,2.0,,791,792,295,697,5.0
Uterus,5,1,2.0,1.0,,1.0,,3.0,11.0,,,,5.0,,779,850,292,653,23.0
Uterus,5,2,,,,,,,2.0,,,,2.0,,779,850,292,653,4.0
Uterus,5,3,,,,,,,3.0,,,,2.0,,779,850,292,653,5.0
Uterus,6,1,,,,,,,2.0,,,,7.0,,815,886,261,613,9.0
Uterus,6,2,,,,,,,2.0,,,,1.0,,815,886,261,613,3.0
Uterus,6,3,,,,,,3.0,1.0,,,,3.0,,815,886,261,613,7.0
